Date,Brent_Close,WTI_Close,NatGas_Close,USD_Index_Close,ExxonMobil_Close,Halliburton_Close,United_Airlines_Close,Lockheed_Martin_Close,Brent_LogReturn,WTI_LogReturn,NatGas_LogReturn,Brent_RollingVol,WTI_RollingVol,NatGas_RollingVol,Event_Label,Window
2026-01-02,60.75,57.31999969482422,3.618000030517578,98.41999816894533,121.01651763916016,29.332502365112305,113.01000213623048,491.2481384277344,,,,,,,,Pre-Conflict
2026-01-05,61.7599983215332,58.31999969482422,3.5230000019073486,98.2699966430664,123.69042205810548,31.631534576416016,114.88999938964844,505.5783081054688,1.64887963186151,1.7295484831722299,-2.6608495507534102,,,,,Pre-Conflict
2026-01-06,60.70000076293945,57.130001068115234,3.3499999046325684,98.58000183105467,119.43782043457033,30.5513858795166,117.52999877929688,515.9256591796875,-1.73121679048015,-2.06156910350276,-5.03525825314149,,,,,Pre-Conflict
2026-01-07,59.959999084472656,55.9900016784668,3.525000095367432,98.68000030517578,116.9119110107422,30.105451583862305,116.5999984741211,491.0504760742188,-1.2266052669043,-2.01562580938181,5.09201459497377,,,,,Pre-Conflict
2026-01-08,61.9900016784668,57.7599983215332,3.407000064849853,98.93000030517578,121.27305603027344,31.879274368286133,115.47000122070312,512.3677978515625,3.3295450824811503,3.11233321864661,-3.4048305605695,,,,,Pre-Conflict
2026-01-09,63.34000015258789,59.119998931884766,3.1689999103546143,99.12999725341795,122.95040893554688,32.33512115478516,117.31999969482422,536.5610961914062,2.1543934729282803,2.32727930478021,-7.24161052925692,,,,,Pre-Conflict
2026-01-12,63.869998931884766,59.5,3.4089999198913574,98.86000061035156,122.3781280517578,31.611717224121094,115.29000091552734,544.78369140625,0.83327073307053,0.6407053978539601,7.300291723604591,,,,,Pre-Conflict
2026-01-13,65.47000122070312,61.150001525878906,3.4189999103546143,99.12999725341795,124.85469818115234,32.31529998779297,114.41000366210938,551.760986328125,2.47422902480006,2.73535745346452,0.29291147807922,,,,,Pre-Conflict
2026-01-14,66.5199966430664,62.02000045776367,3.119999885559082,99.12999725341795,128.4659423828125,32.741416931152344,110.75,565.9923706054688,1.59105627614702,1.41270339669775,-9.15151192957872,,,,,Pre-Conflict
2026-01-15,63.7599983215332,59.18999862670898,3.128000020980835,99.31999969482422,127.41020965576172,32.483760833740234,116.0199966430664,571.12158203125,-4.23765957025009,-4.670433555197611,0.25608642488837996,,,,,Pre-Conflict
2026-01-16,64.12999725341797,59.43999862670898,3.1029999256134038,99.38999938964844,128.1600799560547,32.27566146850586,113.48999786376952,575.6083374023438,0.57862221752238,0.42147918044533,-0.8024467896726801,,,,,Pre-Conflict
2026-01-20,64.91999816894531,60.34000015258789,3.9070000648498535,98.63999938964844,128.72250366210938,31.77027130126953,108.56999969482422,569.31298828125,1.22434841091828,1.50278589540325,23.04004711775431,,,,,Pre-Conflict
2026-01-21,65.23999786376953,60.619998931884766,4.875,98.76000213623048,131.83055114746094,33.05852127075195,110.95999908447266,579.3638916015625,0.49170305670256004,0.46296177500914004,22.13502717785015,,,,,Pre-Conflict
2026-01-22,64.05999755859375,59.36000061035156,5.045000076293945,98.36000061035156,131.8601531982422,33.41526794433594,110.4000015258789,586.953857421875,-1.8252638938862,-2.10042448684803,3.4277564478446396,,,,,Pre-Conflict
2026-01-23,65.87999725341797,61.06999969482422,5.275000095367432,97.5999984741211,133.17242431640625,33.6431884765625,107.73999786376952,583.9000854492188,2.80147575489901,2.84001330965683,4.458102851300691,,,,,Pre-Conflict
2026-01-26,65.58999633789062,60.630001068115234,6.800000190734863,97.04000091552734,133.0441436767578,33.85129165649414,107.76000213623048,574.8473510742188,-0.44116741464648,-0.72309045373142,25.394394279004118,,,,,Pre-Conflict
2026-01-27,67.56999969482422,62.38999938964844,6.953999996185303,96.22000122070312,135.00765991210938,33.95038986206055,104.04000091552734,587.9817504882812,2.97409035753508,2.86151586392703,2.23943928058028,,,,,Pre-Conflict
2026-01-28,68.4000015258789,63.209999084472656,7.460000038146973,96.4499969482422,135.74766540527344,33.05852127075195,104.91000366210938,590.2745361328125,1.22087538890314,1.30575056604547,7.02383862920965,,,,,Pre-Conflict
2026-01-29,70.70999908447266,65.41999816894531,3.9179999828338623,96.27999877929688,138.63864135742188,33.08824920654297,103.94000244140624,615.2189331054688,3.32141457318376,3.4365492120711703,-64.39741041882078,,,,,Pre-Conflict
2026-01-30,70.69000244140625,65.20999908447266,4.354000091552734,96.98999786376952,139.51678466796875,33.217079162597656,102.31999969482422,626.791748046875,-0.02828379488532,-0.32151767555849,10.55136686986288,,,,,Pre-Conflict
2026-02-02,66.30000305175781,62.13999938964844,3.236999988555908,97.61000061035156,136.55674743652344,32.5333137512207,107.3499984741211,628.5509643554688,-6.41142114983147,-4.82229232227333,-29.6448012430919,40.28440889836929,39.149681969187725,307.79376512868004,,Pre-Conflict
2026-02-03,67.33000183105469,63.209999084472656,3.311000108718872,97.44000244140624,141.81576538085938,33.56391525268555,110.86000061035156,620.901611328125,1.54159865310716,1.7072607857606399,2.26033199920625,40.24338718309195,39.13974964870157,307.843188656526,,Pre-Conflict
2026-02-04,69.45999908447266,65.13999938964844,3.4649999141693115,97.62000274658205,145.6243438720703,34.029666900634766,109.4800033569336,595.7002563476562,3.11451043828695,3.00762884779377,4.54623164703355,40.46437289679249,39.04294080749885,307.77145968157663,,Pre-Conflict
2026-02-05,67.55000305175781,63.290000915527344,3.509000062942505,97.81999969482422,144.13446044921875,33.534183502197266,106.08999633789062,602.0450439453125,-2.7882924551317902,-2.88114372254382,1.2618506667421001,41.79510523264778,39.93906727303245,307.2587055860964,,Pre-Conflict
2026-02-06,68.05000305175781,63.54999923706055,3.421999931335449,97.62999725341795,147.06491088867188,34.66388320922852,115.91000366210938,616.2763671875,0.73746643593218,0.40996323773152,-2.5105959134144,40.54049109712192,38.832538021607306,307.14452990765795,,Pre-Conflict
2026-02-09,69.04000091552734,64.36000061035156,3.138000011444092,96.81999969482422,149.19615173339844,34.5846061706543,116.1999969482422,630.8140869140625,1.44432860927067,1.2665345977459899,-8.66394974466028,40.225479802166326,38.34187165078611,307.63176551379524,,Pre-Conflict
2026-02-10,68.80000305175781,63.959999084472656,3.115000009536743,96.8000030517578,149.57107543945312,33.71255874633789,116.36000061035156,622.1863403320312,-0.34822707397552,-0.62344579558891,-0.7356502656807701,40.28728952176381,38.509592328205,306.40549766255043,,Pre-Conflict
2026-02-11,69.4000015258789,64.62999725341797,3.1589999198913574,96.83000183105467,153.4882049560547,34.71342849731445,113.94000244140624,621.3364868164062,0.8683100203244201,1.04207831260965,1.4026341160115399,39.57269144071316,37.58305390782571,306.46654403733856,,Pre-Conflict
2026-02-12,67.5199966430664,62.84000015258789,3.2170000076293945,96.93000030517578,148.91920471191406,33.98012161254883,109.3000030517578,629.9641723632812,-2.74630889294042,-2.8086840962171697,1.81937541673894,40.66344629153672,38.85636421731077,304.7788086644226,,Pre-Conflict
2026-02-13,67.75,62.88999938964844,3.243000030517578,96.87999725341795,147.44918823242188,33.653099060058594,109.29000091552734,644.936767578125,0.34006591897283,0.07953430347292,0.80495861069972,37.335195469227685,34.602819526626924,304.7874961387872,,Pre-Conflict
2026-02-17,67.41999816894531,62.33000183105469,3.0309998989105225,97.16000366210938,145.20443725585938,33.40536117553711,114.0199966430664,641.9718627929688,-0.48827771128204,-0.89442786528079,-6.760627201166431,37.42288951037243,34.85747842907674,305.774547686989,,Pre-Conflict
2026-02-18,70.3499984741211,65.19000244140625,3.010999917984009,97.6999969482422,149.66415405273438,34.455780029296875,116.93000030517578,642.19921875,4.2541079223587,4.48632401895336,-0.66203424630006,39.9302965629135,37.78028581744427,293.2863192701933,,Pre-Conflict
2026-02-19,71.66000366210938,66.43000030517578,2.996000051498413,97.93000030517578,149.95220947265625,35.05035781860352,110.0500030517578,658.70361328125,1.8450001110184098,1.88426458840226,-0.49941394167789005,40.25838595369214,38.15342687394178,279.9999847821574,,Pre-Conflict
2026-02-20,71.76000213623047,66.38999938964844,3.046999931335449,97.8000030517578,146.28707885742188,34.79270553588867,113.02999877929688,650.5502319335938,0.13944845388771998,-0.06023327334532,1.68793946244091,39.367372326028274,37.00934760146949,279.58468480490524,,Pre-Conflict
2026-02-23,71.48999786376953,66.30999755859375,2.984999895095825,97.6999969482422,149.74362182617188,34.92153549194336,107.16999816894533,652.882568359375,-0.37696976224066,-0.12057549749366,-2.05577657676509,38.584099662875815,36.07000570963662,278.3815248445596,,Pre-Conflict
2026-02-24,70.7699966430664,65.62999725341797,2.914999961853028,97.87999725341795,148.25372314453125,35.4665641784668,112.58999633789062,656.64794921875,-1.01224152439548,-1.03078119265647,-2.37299049847719,38.80354144069978,36.214630033859855,257.7006725784549,,Pre-Conflict
2026-02-25,70.8499984741211,65.41999816894531,2.969000101089477,97.6999969482422,148.05508422851562,34.951263427734375,112.87000274658205,639.916259765625,0.11298099466601,-0.32048725151217,1.8355423113931402,37.57638362051602,35.08543925795678,257.5700347561685,,Pre-Conflict
2026-02-26,70.75,65.20999908447266,2.82699990272522,97.79000091552734,147.53857421875,35.38728332519531,116.43000030517578,634.114990234375,-0.14124080765898,-0.32151767555849,-4.90091855276843,37.41407477686733,34.90307660803111,254.09874988416888,,Pre-Conflict
2026-02-27,72.4800033569336,67.0199966430664,2.858999967575073,97.61000061035156,151.47189331054688,35.67466354370117,106.3000030517578,650.372314453125,2.41581715266847,2.73782148551946,1.12558576965593,36.52966026354088,34.11110999458527,123.14972773852575,,Pre-Conflict
2026-03-02,77.73999786376953,71.2300033569336,2.9600000381469727,98.37999725341795,153.1802978515625,35.64493560791016,103.20999908447266,672.2987670898438,7.00591898948776,6.09230928977193,3.47173792246376,43.92630761812785,40.0829122762962,116.27549275330084,,Conflict
2026-03-03,81.4000015258789,74.55999755859375,3.053999900817871,99.0500030517578,150.80641174316406,34.94135284423828,102.54000091552734,663.4765625,4.6005393809026,4.56900125148049,3.1262893096841404,38.02330460142068,37.50487582645491,54.39582157416763,,Conflict
2026-03-04,81.4000015258789,74.66000366210938,2.9170000553131104,98.7699966430664,148.80996704101562,34.28414535522461,100.4800033569336,660.1582641601562,0.0,0.1340384903771,-4.58964644723889,38.139593453765066,37.47765536275669,55.55664602455381,,Conflict
2026-03-05,85.41000366210938,81.01000213623047,3.003000020980835,99.31999969482422,149.74362182617188,34.015289306640625,95.43000030517578,650.7399291992188,4.808794108094149,8.16281076754358,2.90560861399062,39.851345747658016,45.131893119605806,53.80554360110459,,Conflict
2026-03-06,92.69000244140624,90.9000015258789,3.186000108718872,98.98999786376952,150.1905975341797,33.90575408935547,92.06999969482422,667.40087890625,8.17973853923421,11.518738775742001,5.91544496239776,44.63121361345785,55.96995253286593,58.412253801973,,Conflict
2026-03-09,98.95999908447266,94.7699966430664,3.119999885559082,99.18000030517578,149.42578125,34.50321578979492,94.5199966430664,659.8304443359375,6.54551006055243,4.1692850090421905,-2.0933280470186997,47.821308674322125,56.31230591092597,58.23865263880543,,Conflict
2026-03-10,87.80000305175781,83.44999694824219,3.0199999809265137,98.83000183105467,147.13136291503906,35.19029235839844,91.0999984741211,646.9844970703125,-11.96541834336115,-12.7205254522254,-3.25761400705546,68.59215220369282,76.86060619165721,50.83080497912263,,Conflict
2026-03-11,91.9800033569336,87.25,3.2090001106262207,99.2300033569336,150.55809020996094,35.777793884277344,90.68000030517578,645.245849609375,4.65096632089877,4.4529947544589,6.07025715304014,69.38459544802467,77.28785731078682,55.40031565820399,,Conflict
2026-03-12,100.45999908447266,95.7300033569336,3.2330000400543213,99.73999786376952,152.4949493408203,34.69240951538086,86.52999877929688,648.5840454101562,8.81884306004269,9.27542029424079,0.74511145310518,74.07844147366978,81.95146716029342,55.25188570098144,,Conflict
2026-03-13,103.13999938964844,98.70999908447266,3.13100004196167,100.36000061035156,155.06747436523438,33.54727935791016,86.5999984741211,641.7984619140625,2.6327653496566397,3.06544851299322,-3.2058055386236397,72.08638286978776,80.04432982567768,56.070157182166646,,Conflict
2026-03-16,100.20999908447266,93.5,3.0230000019073486,99.70999908447266,156.1699981689453,34.015289306640625,90.27999877929688,641.003662109375,-2.88193077709632,-5.42248128602353,-3.51027393180045,74.02184524628676,84.29984128473576,57.191259812782114,,Conflict
2026-03-17,103.41999816894533,96.20999908447266,3.032999992370605,99.58000183105467,157.73934936523438,35.48902130126953,93.19000244140624,632.1913452148438,3.15303743288909,2.85718565626048,0.33025097627157,73.5532946204387,83.65084902940504,51.95000816206242,,Conflict
2026-03-18,107.37999725341795,96.31999969482422,3.065000057220459,100.08999633789062,156.52757263183594,36.06656646728516,92.51000213623048,638.1026611328125,3.75755701532296,0.11426855349114999,1.0495361866183601,73.38486272627091,83.4849072894172,52.01449328106046,,Conflict
2026-03-19,108.6500015258789,96.13999938964844,3.1659998893737797,99.2300033569336,157.09373474121094,36.773555755615234,94.1500015258789,633.3637084960938,1.17578013301526,-0.18705222749135,3.2421338459701596,73.45586713299716,83.83019502841863,53.136706948855895,,Conflict
2026-03-20,112.19000244140624,98.31999969482422,3.095000028610229,99.6500015258789,158.5935516357422,36.375247955322266,89.94999694824219,623.3492431640625,3.20621635718034,2.24220060366318,-2.26810111362924,73.18690689628333,83.53283135193324,53.59599134381487,,Conflict
2026-03-23,99.94000244140624,88.12999725341797,2.8910000324249268,98.9499969482422,160.04371643066406,37.3510971069336,93.95999908447266,612.241943359375,-11.56238539734482,-10.94144962074273,-6.818544113054931,87.79264125316094,95.13814157423248,58.54866224364632,,Conflict
2026-03-24,104.48999786376952,92.3499984741211,2.943000078201294,99.43000030517578,164.2650604248047,37.94855880737305,93.55999755859376,606.2014770507812,4.45213222568877,4.6772724176018405,1.78270215732747,87.7168863126194,95.34337094506562,58.32318654845068,,Conflict
2026-03-25,102.22000122070312,90.31999969482422,2.95199990272522,99.5999984741211,162.1593475341797,38.46635437011719,92.9499969482422,620.1402587890625,-2.19639873196118,-2.22267736598887,0.30533779627636,88.73488697737936,96.11602888124374,57.95283911210757,,Conflict
2026-03-26,108.01000213623048,94.4800033569336,2.999000072479248,99.9000015258789,164.31471252441406,38.62567901611328,92.69000244140624,623.2498779296875,5.5096469926409,4.5029290957154595,1.5796050148612601,89.33266485519854,96.35369380996282,55.22809292277336,,Conflict
2026-03-27,112.56999969482422,99.63999938964844,3.095000028610229,100.1500015258789,169.8372344970703,40.24877166748047,88.44000244140625,611.8346557617188,4.13514124472626,5.31754768486791,3.1508991445898102,89.61737983737687,97.09982509449388,56.093062847612366,,Conflict
2026-03-30,112.77999877929688,102.87999725341795,2.88700008392334,100.51000213623048,170.31399536132812,39.09368515014648,85.20999908447266,594.6769409179688,0.18637598995548998,3.1999549523948496,-6.95699856303838,88.02337034658116,96.01298310045698,60.54824626218489,,Conflict
2026-03-31,118.3499984741211,101.37999725341795,2.884000062942505,99.95999908447266,168.51620483398438,38.824832916259766,92.06999969482422,600.4591064453125,4.82073155117767,-1.46874278401091,-0.10396885027647002,88.1177042125051,96.1273238060028,59.32103522760556,,Conflict
2026-04-01,101.16000366210938,100.12000274658205,2.819000005722046,99.6500015258789,159.69607543945312,37.83902359008789,95.08000183105467,613.6229248046875,-15.694286506413329,-1.25063119557773,-2.27960270856371,107.92270650663323,96.52009095477769,57.64139963349544,,Conflict
2026-04-02,109.02999877929688,111.54000091552734,2.799999952316284,100.02999877929688,159.60667419433594,38.00830078125,92.20999908447266,618.7393798828125,7.49196045193365,10.80137851729965,-0.676281401053,109.55795385419916,99.36040778204196,56.49671480225946,,Conflict
2026-04-06,109.7699966430664,112.41000366210938,2.811000108718872,99.9800033569336,162.2686004638672,37.659786224365234,90.97000122070312,633.7511596679688,0.67641745954428,0.77696548823803,0.39209304493607,106.42954167977778,92.1945684173064,51.55871689057715,,Conflict
2026-04-07,109.2699966430664,112.9499969482422,2.869999885559082,99.63999938964844,162.8049774169922,38.55597305297852,89.29000091552734,623.6174926757812,-0.45653842565067,0.47922818434994,2.07716592960243,104.3375381587629,91.4726781099594,52.10700856301684,,Conflict
2026-04-08,94.75,94.41000366210938,2.7239999771118164,99.12999725341795,155.16680908203125,37.639869689941406,96.3000030517578,624.4122924804688,-14.258000889866091,-17.92981773615037,-5.2210610011795495,108.21434247145862,102.89892502003426,53.95953245903192,,Conflict
2026-04-09,95.91999816894533,97.87000274658205,2.6700000762939453,98.81999969482422,153.99476623535156,37.53033447265625,97.66999816894533,619.8123779296875,1.22726476673288,3.59930569674554,-2.00228788981799,107.09919792223388,102.52075121610484,48.191522697123816,,Conflict
2026-04-10,95.1999969482422,96.56999969482422,2.6480000019073486,98.6500015258789,151.4818115234375,37.43075942993164,96.4000015258789,609.7283935546875,-0.75345818888248,-1.33719646826268,-0.8273862191609501,102.170209735881,97.36597089957652,47.79276367149461,,Conflict
2026-04-13,99.36000061035156,99.08000183105467,2.627000093460083,98.37000274658205,151.61094665527344,38.44644165039063,95.1999969482422,615.6595458984375,4.27697145869586,2.5659492283051097,-0.79620925149223,102.95324211226152,97.17632402125363,47.07642511068704,,Conflict
2026-04-14,94.79000091552734,91.27999877929688,2.5989999771118164,98.12000274658205,148.23387145996094,37.3510971069336,97.1999969482422,607.6023559570312,-4.70856962045678,-8.19959309210783,-1.07157994273187,103.78827783905376,99.7058026939742,46.05230807005632,,Conflict
2026-04-15,94.93000030517578,91.29000091552734,2.609999895095825,98.05999755859376,148.0054168701172,37.38097381591797,94.2699966430664,607.1254272460938,0.1475852985022,0.01095704251212,0.42234342886123,103.01593565249128,99.0885022879638,46.08225875814858,,Conflict
2026-04-16,99.38999938964844,94.69000244140624,2.6470000743865967,98.22000122070312,150.9553985595703,37.98838806152344,95.02999877929688,603.5389404296875,4.5911717730486,3.6567161172786298,1.40767702057607,103.5065189728816,100.06022355323536,46.28494553085857,,Conflict
2026-04-17,90.37999725341795,83.8499984741211,2.674000024795532,98.0999984741211,145.45274353027344,36.99262619018555,101.8000030517578,588.3384399414062,-9.50285252450734,-12.15789537070591,1.01485366053839,108.20280512140208,108.85743274592636,44.38399325737679,,Conflict
2026-04-20,95.4800033569336,89.61000061035156,2.688999891281128,98.0500030517578,146.6843719482422,36.52461624145508,98.91000366210938,577.4993896484375,5.48938630352638,6.64374576358306,0.5593848903183499,109.65155079832356,111.51541486923917,44.3158580844326,,Conflict
2026-04-21,98.4800033569336,92.12999725341795,2.697000026702881,98.41000366210938,147.35980224609375,37.98838806152344,97.12999725341795,568.2301025390625,3.0936679334534,2.77336656014859,0.29707172027907,102.70501118013094,104.851774207554,38.0468179712932,,Conflict
2026-04-22,101.91000366210938,92.95999908447266,2.7219998836517334,98.58999633789062,148.4921112060547,38.94432067871094,91.70999908447266,551.8175048828125,3.4236590811678798,0.8968689946171701,0.92268074270548,102.16740333177668,103.57212522478252,37.5271547196859,,Conflict
2026-04-23,105.06999969482422,95.8499984741211,2.614000082015991,98.8000030517578,149.51516723632812,39.48203659057617,91.25,526.34423828125,3.0536685020842302,3.06151703172221,-4.04852149079087,102.45487954815052,103.74412757032442,39.582724380246745,,Conflict
2026-04-24,105.33000183105467,94.4000015258789,2.5230000019073486,98.51000213623048,147.90609741210938,40.18902587890625,93.0,510.1105651855469,0.24715044362468003,-1.52433642567809,-3.5432976162790704,100.47896172885066,102.70417498333356,40.00237310809303,,Conflict
2026-04-27,108.2300033569336,96.37000274658205,2.549999952316284,98.4800033569336,147.19094848632812,39.96000289916992,91.9000015258789,510.01116943359375,2.7160327091288,2.06538890481537,1.0644670055932999,99.80483606565078,101.10545700180792,37.8526849900017,,Conflict
2026-04-28,111.26000213623048,99.93000030517578,2.559000015258789,98.62000274658205,149.5449676513672,40.63711929321289,90.41000366210938,508.95806884765625,2.7611200523773802,3.62749655640134,0.35232226696073,100.35282802733818,101.30547775369004,30.7389678920898,,Conflict
2026-04-29,118.02999877929688,106.87999725341795,2.6470000743865967,98.91999816894533,153.62725830078125,41.63288497924805,88.62000274658203,506.4942321777344,5.90689952511723,6.72367401629307,3.3810388206746,101.12568884114336,104.02350811830765,33.823777577840744,,Conflict
2026-04-30,114.01000213623048,105.06999969482422,2.7669999599456787,98.08000183105467,153.28955078125,42.12080764770508,90.0,514.6011352539062,-3.46526365158167,-1.707989229434,4.43367349818758,83.80948467387435,104.12446051745164,37.1794272160034,,Conflict
2026-05-01,108.16999816894533,101.94000244140624,2.7799999713897705,98.20999908447266,151.72019958496094,41.4835205078125,92.5199966430664,509.43499755859375,-5.2582135868215,-3.02423629348456,0.46872310820287993,82.10177894988668,96.8376346613346,37.16336645215369,,Conflict
2026-05-04,114.44000244140624,106.41999816894533,2.867000102996826,98.47000122070312,152.65386962890625,41.80216217041016,90.06999969482422,514.780029296875,5.63466428007802,4.30090831009582,3.08153054150841,84.52594879776356,98.22774176585445,38.76573004948936,,Conflict
2026-05-05,109.87000274658205,102.2699966430664,2.7880001068115234,98.4800033569336,153.83584594726562,41.54326629638672,93.66999816894533,505.6199340820313,-4.07528158041529,-3.97771699686019,-2.7941691616740103,85.86883952892944,99.04520569816094,39.32066857887636,,Conflict
2026-05-06,101.2699966430664,95.08000183105467,2.7300000190734863,98.0199966430664,147.6875762939453,40.22885894775391,100.04000091552734,510.915283203125,-8.150768951541929,-7.289768024365941,-2.10229150259466,74.35825762655715,79.47355045127354,35.33732719193567,,Conflict
2026-05-07,100.05999755859376,94.80999755859376,2.7690000534057617,98.25,145.591796875,38.95427703857422,99.6999969482422,509.0773010253906,-1.20202025352052,-0.2843798570682,1.41846472923525,74.47056728212786,78.3513482767465,34.83504594012995,,Conflict
2026-05-08,101.29000091552734,95.41999816894533,2.756999969482422,97.83999633789062,143.59535217285156,39.66127395629883,99.58000183105467,503.2156982421875,1.2217717076744299,0.64133177191852,-0.43431425033113,74.46124383402608,78.27140553146724,34.71170079719798,,Conflict
2026-05-11,104.20999908447266,98.06999969482422,2.9100000858306885,97.94000244140624,148.6708984375,40.089447021484375,96.62000274658205,508.9183654785156,2.84203864815479,2.73933253938745,5.40099897059481,73.61674659217988,78.35093209755722,39.04825123591755,,Conflict
2026-05-12,107.7699966430664,102.18000030517578,2.8429999351501465,98.29000091552734,149.614501953125,41.52334976196289,95.83999633789062,517.6114501953125,3.35912102407572,4.10544605968877,-2.32933008199802,71.97826665274872,73.3961808783012,39.9689520123786,,Conflict
2026-05-13,105.62999725341795,101.0199966430664,2.864000082015991,98.4800033569336,150.5481719970703,40.846229553222656,95.6999969482422,516.558349609375,-2.00568996265277,-1.1417483079780801,0.73594678767648,72.5776391644834,73.62508012425238,39.98171248252016,,Conflict
2026-05-14,105.72000122070312,101.16999816894533,2.8940000534057617,98.87999725341795,151.75,41.11508560180664,96.0199966430664,517.0252685546875,0.08517054494981,0.14837683094879,1.04203689279852,70.98170335251707,72.68121261974841,39.88824899466135,,Conflict
2026-05-15,109.26000213623048,105.41999816894533,2.9600000381469727,99.2699966430664,157.9199981689453,41.58309555053711,92.8499984741211,512.6539306640625,3.29362812367228,4.11501019389132,2.2549634560207097,61.40992712347211,56.8171317190307,40.362857449046174,,Conflict
2026-05-18,112.0999984741211,108.66000366210938,3.0239999294281006,98.97000122070312,160.49000549316406,42.59877395629883,92.5500030517578,524.8739013671875,2.56609339469697,3.02714207679159,2.13911537565582,59.38634312541188,53.52973106966831,40.77688727576609,,Conflict
2026-05-19,111.27999877929688,107.7699966430664,3.114000082015991,99.3000030517578,162.5500030517578,42.79792785644531,89.12000274658203,523.204833984375,-0.73417798208155,-0.82244793661516,2.93276647696146,58.98053060452189,53.43916113716751,41.59340111362403,,Conflict
2026-05-20,105.0199966430664,98.26000213623048,3.003999948501587,99.11000061035156,156.27999877929688,42.12080764770508,98.0199966430664,519.191162109375,-5.7898760400528095,-9.23822469785923,-3.5963382991024297,62.13602277670133,64.18466566495829,44.3044848107748,,Conflict
2026-05-21,102.58000183105467,96.3499984741211,3.0179998874664307,99.19000244140624,155.2899932861328,41.78224563598633,99.63999938964844,519.3897705078125,-2.35077764338665,-1.96296694575512,0.46496062995832,61.7469031407518,63.77046590646172,40.937065786958776,,Conflict
2026-05-22,103.54000091552734,96.5999984741211,2.907000064849853,99.31999969482422,154.9199981689453,41.29432678222656,99.95999908447266,529.7718505859375,0.93150205048742,0.25913463990825003,-3.74726791732818,61.84856203713965,63.50909055445978,41.22410346743325,,Conflict
2026-05-26,99.58000183105467,93.88999938964844,2.8940000534057617,99.16999816894533,149.80999755859375,40.90597915649414,105.91999816894533,529.43408203125,-3.89966607142008,-2.84548476528771,-0.44819972216571,62.33007392141111,63.90013461278653,41.40010583402389,,Conflict
2026-05-27,94.29000091552734,88.68000030517578,3.039999961853028,99.20999908447266,147.89999389648438,39.43224334716797,112.62000274658205,527.6854858398438,-5.45862104145288,-5.70894895803217,4.92178562065316,63.58854288361194,65.19880386170358,44.08024511316853,,Conflict
2026-05-28,93.70999908447266,88.9000015258789,3.2850000858306885,99.0199966430664,146.9600067138672,39.16339111328125,115.05999755859376,533.716064453125,-0.61702518213442,0.24777714944254,7.75091751948529,58.43250240222837,59.34395497982805,49.75707642810068,,Conflict
2026-05-29,92.0500030517578,87.36000061035156,3.289999961853028,98.91000366210938,145.25999450683594,38.68542098999024,114.8000030517578,527.0,-1.78729565335901,-1.74746407006309,0.15208751178191002,57.85277726297545,59.3510634212702,48.22678601050367,,Conflict
2026-06-01,94.9800033569336,92.16000366210938,3.178999900817871,99.1999969482422,149.3800048828125,39.18330383300781,111.76000213623048,516.5,3.13344376322102,5.34887177007902,-3.43209024529506,57.46206142847273,62.763115479981145,50.58277726473855,,Conflict
2026-06-02,96.0,93.76000213623048,3.1670000553131104,99.22000122070312,149.55999755859375,39.96000289916992,108.81999969482422,513.4299926757812,1.06818130032772,1.72121119287201,-0.37818657075432,52.94654652456141,60.78026405426821,49.88159221657023,,Conflict
2026-06-03,97.80999755859376,96.0199966430664,3.21399998664856,99.52999877929688,152.52999877929688,41.02999877929688,105.13999938964844,512.030029296875,1.8678604873863298,2.38181195292884,1.4731478139208098,52.38712659128948,60.32942801285084,48.42524372340258,,Conflict
2026-06-04,95.02999877929688,93.04000091552734,3.3359999656677246,99.41000366210938,152.0399932861328,41.220001220703125,104.94000244140624,519.0499877929688,-2.88341779639257,-3.15269500914622,3.72562110438805,45.126195631568464,55.58692555115093,48.35337454147072,,Conflict
2026-06-05,93.08999633789062,90.54000091552734,3.2290000915527344,100.06999969482422,149.9199981689453,39.18000030517578,105.7300033569336,523.760009765625,-2.06258905888256,-2.72377659308892,-3.2599954075635105,45.45201060418794,56.35839729959877,50.61815116134058,,Conflict
2026-06-08,94.25,91.3000030517578,3.1470000743865967,100.0500030517578,151.75,40.5,105.31999969482422,520.0700073242188,1.2384098539172,0.83590689068606,-2.57228784098418,45.4597329231571,56.402529892582,51.84594236691322,,Conflict
2026-06-09,91.4499969482422,88.19999694824219,3.140000104904175,99.91000366210938,148.91000366210938,39.619998931884766,109.62999725341795,530.1300048828125,-3.01584848620255,-3.45438926142115,-0.22268083904395,44.73663787515411,56.37630526564155,48.77985448866143,,Conflict
2026-06-10,93.0999984741211,90.02999877929688,3.184999942779541,99.9499969482422,150.6199951171875,39.72999954223633,102.77999877929688,525.02001953125,1.7881826427249898,2.05360061492207,1.4229437729384902,43.18875359642841,54.58036994009955,47.82438170908666,,Conflict
2026-06-11,90.37999725341795,87.70999908447266,3.086999893188477,99.86000061035156,146.60000610351562,39.7599983215332,112.61000061035156,548.6799926757812,-2.96511942994794,-2.61070270363648,-3.12525601389261,43.695444847751055,55.00936848320676,49.57638456953934,,Conflict
2026-06-12,87.33000183105469,84.87999725341797,3.119999885559082,99.75,147.00999450683594,39.59999847412109,115.5199966430664,540.3300170898438,-3.4328906201148404,-3.2797445577857,1.06332542220157,44.54815202410495,55.64508383716542,49.58024155324222,,Conflict
2026-06-15,83.16999816894531,80.75,3.1470000743865967,99.62999725341795,140.9199981689453,38.18000030517578,119.97000122070312,530.3599853515625,-4.88073835279279,-4.9880499844549,0.8616676577964799,43.647565466472045,54.174362383902576,49.124480061782506,,Conflict
2026-06-16,78.95999908447266,76.05000305175781,3.239000082015991,99.54000091552734,141.86000061035156,37.20000076293945,118.51000213623048,535.9500122070312,-5.1945300334387,-5.9966903269157,2.8815023791010903,43.06827956173759,54.01108799750822,49.56059021653827,,Conflict
2026-06-17,79.55000305175781,76.79000091552734,3.1449999809265137,100.08999633789062,140.74000549316406,36.22999954223633,115.83000183105467,532.3200073242188,0.74444096161568,0.96833764313246,-2.94507814228823,43.84467341409912,54.802272348314354,49.87831005487227,E2: US-Iran MoU Signed,Post-MoU
2026-06-18,79.8499984741211,76.5999984741211,3.2330000400543213,100.8499984741211,137.80999755859375,34.93000030517578,118.31999969482422,510.9500122070313,0.37640624051466004,-0.24773784384782,2.75966270448054,41.580324181604375,47.145528890186775,48.80750078098148,E3: Swiss Talks Postponed,Post-MoU
